[
 {
   "FieldName": "Example Value 1",
   "AssetID": "AID13201",
   "AssetPortalLink": "https://lap.corp.internal.com/Detail/Asset.aspx?id=AID13201",
   "AssetName": "XYZ Poster 1",
   "ProductionStatusKey": "02",
   "ProductionStatusTxt": "Done",
   "Description": "XYZ Poster for latest campaign 1",
   "ReadyDate": "30.11.2019",
   "AssetTypeId": "01",
   "AssetTypeName": "Image",
   "Theme": "Duplo",
   "SKU": 60704,
   "Campaign": "Latest Campaign",
   "Audience": "Kids",
   "SubAudience": "Boys",
   "Market": "Global",
   "ContentManager": "John Doe"
 },
 {
   "FieldName": "Example Value 2",
   "AssetID": "AID13202",
   "AssetPortalLink": "https://lap.corp.internal.com/Detail/Asset.aspx?id=AID13202",
   "AssetName": "XYZ Poster 2",
   "ProductionStatusKey": "01",
   "ProductionStatusTxt": "Confidential",
   "Description": "XYZ Poster for latest campaign 2",
   "ReadyDate": "30.11.2019",
   "AssetTypeId": "01",
   "AssetTypeName": "Image",
   "Theme": "Duplo",
   "SKU": 60705,
   "Campaign": "Latest Campaign",
   "Audience": "Kids",
   "SubAudience": "Boys",
   "Market": "Global",
   "ContentManager": "John Doe"
 },
 {
   "FieldName": "Example Value 3",
   "AssetID": "AID13203",
   "AssetPortalLink": "https://lap.corp.internal.com/Detail/Asset.aspx?id=AID13203",
   "AssetName": "XYZ Video 1",
   "ProductionStatusKey": "02",
   "ProductionStatusTxt": "Done",
   "Description": "XYZ Video for latest campaign 1",
   "ReadyDate": "30.10.2020",
   "AssetTypeId": "02",
   "AssetTypeName": "Video",
   "Theme": "Duplo",
   "SKU": 60706,
   "Campaign": "Latest Campaign",
   "Audience": "Kids",
   "SubAudience": "Boys",
   "Market": "Global",
   "ContentManager": "John Doe"
 },
 {
   "FieldName": "Example Value 4",
   "AssetID": "AID13204",
   "AssetPortalLink": "https://lap.corp.internal.com/Detail/Asset.aspx?id=AID13204",
   "AssetName": "XYZ Poster 3",
   "ProductionStatusKey": "02",
   "ProductionStatusTxt": "Done",
   "Description": "XYZ Poster for latest campaign 3",
   "ReadyDate": "30.01.2019",
   "AssetTypeId": "01",
   "AssetTypeName": "Image",
   "Theme": "Duplo",
   "SKU": 60707,
   "Campaign": "Latest Campaign",
   "Audience": "Kids",
   "SubAudience": "Boys",
   "Market": "Global",
   "ContentManager": "John Doe"
 },
 {
   "FieldName": "Example Value 5",
   "AssetID": "AID13205",
   "AssetPortalLink": "https://lap.corp.internal.com/Detail/Asset.aspx?id=AID13205",
   "AssetName": "XYZ 3D Model 1",
   "ProductionStatusKey": "01",
   "ProductionStatusTxt": "Confidential",
   "Description": "XYZ 3D Model 1",
   "ReadyDate": "23.07.2019",
   "AssetTypeId": "03",
   "AssetTypeName": "3D File",
   "Theme": "Duplo",
   "SKU": 60708,
   "Campaign": "Latest Campaign",
   "Audience": "Kids",
   "SubAudience": "Boys",
   "Market": "Global",
   "ContentManager": "John Doe"
 },
 {
   "FieldName": "Example Value 6",
   "AssetID": "AID13206",
   "AssetPortalLink": "https://lap.corp.internal.com/Detail/Asset.aspx?id=AID13206",
   "AssetName": "XYZ Poster 4",
   "ProductionStatusKey": "02",
   "ProductionStatusTxt": "Done",
   "Description": "XYZ Poster for latest campaign 4",
   "ReadyDate": "30.02.2019",
   "AssetTypeId": "01",
   "AssetTypeName": "Image",
   "Theme": "Duplo",
   "SKU": 60709,
   "Campaign": "Latest Campaign",
   "Audience": "Kids",
   "SubAudience": "Boys",
   "Market": "Global",
   "ContentManager": "John Doe"
 },
 {
   "FieldName": "Example Value 7",
   "AssetID": "AID13207",
   "AssetPortalLink": "https://lap.corp.internal.com/Detail/Asset.aspx?id=AID13207",
   "AssetName": "XYZ Poster 5",
   "ProductionStatusKey": "02",
   "ProductionStatusTxt": "Done",
   "Description": "XYZ Poster for latest campaign 5",
   "ReadyDate": "30.11.2019",
   "AssetTypeId": "01",
   "AssetTypeName": "Image",
   "Theme": "Duplo",
   "SKU": 60710,
   "Campaign": "Latest Campaign",
   "Audience": "Kids",
   "SubAudience": "Boys",
   "Market": "Global",
   "ContentManager": "John Doe"
 },
 {
   "FieldName": "Example Value 8",
   "AssetID": "AID13208",
   "AssetPortalLink": "https://lap.corp.internal.com/Detail/Asset.aspx?id=AID13208",
   "AssetName": "XYZ Video 2",
   "ProductionStatusKey": "01",
   "ProductionStatusTxt": "Confidential",
   "Description": "XYZ Video for latest campaign 2",
   "ReadyDate": "30.11.2020",
   "AssetTypeId": "02",
   "AssetTypeName": "Video",
   "Theme": "Duplo",
   "SKU": 60711,
   "Campaign": "Latest Campaign",
   "Audience": "Kids",
   "SubAudience": "Boys",
   "Market": "Global",
   "ContentManager": "John Doe"
 },
 {
   "FieldName": "Example Value 9",
   "AssetID": "AID13209",
   "AssetPortalLink": "https://lap.corp.internal.com/Detail/Asset.aspx?id=AID13209",
   "AssetName": "XYZ Poster 6",
   "ProductionStatusKey": "02",
   "ProductionStatusTxt": "Done",
   "Description": "XYZ Poster for latest campaign 6",
   "ReadyDate": "30.02.2020",
   "AssetTypeId": "01",
   "AssetTypeName": "Image",
   "Theme": "Duplo",
   "SKU": 60712,
   "Campaign": "Latest Campaign",
   "Audience": "Kids",
   "SubAudience": "Girls",
   "Market": "Local",
   "ContentManager": "John Doe"
 },
 {
   "FieldName": "Example Value 10",
   "AssetID": "AID13210",
   "AssetPortalLink": "https://lap.corp.internal.com/Detail/Asset.aspx?id=AID13210",
   "AssetName": "XYZ Poster 7",
   "ProductionStatusKey": "02",
   "ProductionStatusTxt": "Done",
   "Description": "XYZ Poster for latest campaign 7",
   "ReadyDate": "30.11.2019",
   "AssetTypeId": "01",
   "AssetTypeName": "Image",
   "Theme": "Duplo",
   "SKU": 60713,
   "Campaign": "Latest Campaign",
   "Audience": "Kids",
   "SubAudience": "Girls",
   "Market": "Local",
   "ContentManager": "John Doe"
 },
 {
   "FieldName": "Example Value 11",
   "AssetID": "AID13211",
   "AssetPortalLink": "https://lap.corp.internal.com/Detail/Asset.aspx?id=AID13211",
   "AssetName": "XYZ Video 3",
   "ProductionStatusKey": "01",
   "ProductionStatusTxt": "Confidential",
   "Description": "XYZ Video for latest campaign 3",
   "ReadyDate": "30.11.2019",
   "AssetTypeId": "02",
   "AssetTypeName": "Video",
   "Theme": "Duplo",
   "SKU": 60714,
   "Campaign": "Latest Campaign",
   "Audience": "Kids",
   "SubAudience": "Girls",
   "Market": "Local",
   "ContentManager": "John Doe"
 },
 {
   "FieldName": "Example Value 12",
   "AssetID": "AID13212",
   "AssetPortalLink": "https://lap.corp.internal.com/Detail/Asset.aspx?id=AID13212",
   "AssetName": "XYZ Poster 8",
   "ProductionStatusKey": "02",
   "ProductionStatusTxt": "Done",
   "Description": "XYZ Poster for latest campaign 8",
   "ReadyDate": "30.11.2019",
   "AssetTypeId": "01",
   "AssetTypeName": "Image",
   "Theme": "Duplo",
   "SKU": 60715,
   "Campaign": "Latest Campaign",
   "Audience": "Kids",
   "SubAudience": "Girls",
   "Market": "Local",
   "ContentManager": "John Doe"
 },
 {
   "FieldName": "Example Value 13",
   "AssetID": "AID13213",
   "AssetPortalLink": "https://lap.corp.internal.com/Detail/Asset.aspx?id=AID13213",
   "AssetName": "XYZ Poster 9",
   "ProductionStatusKey": "01",
   "ProductionStatusTxt": "Confidential",
   "Description": "XYZ Poster for latest campaign 9",
   "ReadyDate": "30.10.2020",
   "AssetTypeId": "01",
   "AssetTypeName": "Image",
   "Theme": "Duplo",
   "SKU": 60716,
   "Campaign": "Latest Campaign",
   "Audience": "Kids",
   "SubAudience": "Girls",
   "Market": "Local",
   "ContentManager": "John Doe"
 },
 {
   "FieldName": "Example Value 14",
   "AssetID": "AID13214",
   "AssetPortalLink": "https://lap.corp.internal.com/Detail/Asset.aspx?id=AID13214",
   "AssetName": "XYZ Video 4",
   "ProductionStatusKey": "02",
   "ProductionStatusTxt": "Done",
   "Description": "XYZ Video for latest campaign 4",
   "ReadyDate": "30.11.2019",
   "AssetTypeId": "02",
   "AssetTypeName": "Video",
   "Theme": "Duplo",
   "SKU": 60717,
   "Campaign": "Latest Campaign",
   "Audience": "Kids",
   "SubAudience": "Girls",
   "Market": "Local",
   "ContentManager": "John Doe"
 },
 {
   "FieldName": "Example Value 15",
   "AssetID": "AID13215",
   "AssetPortalLink": "https://lap.corp.internal.com/Detail/Asset.aspx?id=AID13215",
   "AssetName": "XYZ Poster 10",
   "ProductionStatusKey": "01",
   "ProductionStatusTxt": "Confidential",
   "Description": "XYZ Poster for latest campaign 10",
   "ReadyDate": "30.11.2019",
   "AssetTypeId": "01",
   "AssetTypeName": "Image",
   "Theme": "Duplo",
   "SKU": 60718,
   "Campaign": "Latest Campaign",
   "Audience": "Kids",
   "SubAudience": "Girls",
   "Market": "Local",
   "ContentManager": "John Doe"
 },
 {
   "FieldName": "Example Value 16",
   "AssetID": "AID13216",
   "AssetPortalLink": "https://lap.corp.internal.com/Detail/Asset.aspx?id=AID13216",
   "AssetName": "XYZ 3D Model 2",
   "ProductionStatusKey": "02",
   "ProductionStatusTxt": "Done",
   "Description": "XYZ 3D Model 2",
   "ReadyDate": "30.04.2020",
   "AssetTypeId": "03",
   "AssetTypeName": "3D File",
   "Theme": "Duplo",
   "SKU": 60719,
   "Campaign": "Latest Campaign",
   "Audience": "Kids",
   "SubAudience": "Girls",
   "Market": "Local",
   "ContentManager": "John Doe"
 },
 {
   "FieldName": "Example Value 17",
   "AssetID": "AID13217",
   "AssetPortalLink": "https://lap.corp.internal.com/Detail/Asset.aspx?id=AID13217",
   "AssetName": "XYZ 3D Model 3",
   "ProductionStatusKey": "01",
   "ProductionStatusTxt": "Confidential",
   "Description": "XYZ 3D Model 3",
   "ReadyDate": "30.10.2020",
   "AssetTypeId": "03",
   "AssetTypeName": "3D File",
   "Theme": "Duplo",
   "SKU": 60720,
   "Campaign": "Latest Campaign",
   "Audience": "Kids",
   "SubAudience": "Girls",
   "Market": "Global",
   "ContentManager": "John Doe"
 },
 {
   "FieldName": "Example Value 18",
   "AssetID": "AID13218",
   "AssetPortalLink": "https://lap.corp.internal.com/Detail/Asset.aspx?id=AID13218",
   "AssetName": "XYZ 3D Model 4",
   "ProductionStatusKey": "02",
   "ProductionStatusTxt": "Done",
   "Description": "XYZ 3D Model 4",
   "ReadyDate": "30.11.2019",
   "AssetTypeId": "03",
   "AssetTypeName": "3D File",
   "Theme": "Duplo",
   "SKU": 60721,
   "Campaign": "Latest Campaign",
   "Audience": "Kids",
   "SubAudience": "Girls",
   "Market": "Global",
   "ContentManager": "John Doe"
 },
 {
   "FieldName": "Example Value 19",
   "AssetID": "AID13219",
   "AssetPortalLink": "https://lap.corp.internal.com/Detail/Asset.aspx?id=AID13219",
   "AssetName": "XYZ Poster 11",
   "ProductionStatusKey": "02",
   "ProductionStatusTxt": "Done",
   "Description": "XYZ Poster for latest campaign 11",
   "ReadyDate": "30.11.2019",
   "AssetTypeId": "01",
   "AssetTypeName": "Image",
   "Theme": "Duplo",
   "SKU": 60722,
   "Campaign": "Latest Campaign",
   "Audience": "Kids",
   "SubAudience": "Girls",
   "Market": "Global",
   "ContentManager": "John Doe"
 }
]