<core:FragmentDefinition xmlns="sap.m" xmlns:core="sap.ui.core">
	<Popover showHeader="false" class="sapUiContentPadding" placement="Bottom">
		<List>
			<StandardListItem title="Content Manager" press="handleRoleClick" type="Active" selected="true"></StandardListItem>
			<StandardListItem title="Product Group Manager" press="handleRoleClick" type="Active"></StandardListItem>
				<StandardListItem title="Local Market Manager" press="handleRoleClick" type="Active"></StandardListItem>
		</List>
	</Popover>
</core:FragmentDefinition>